"ID","sex","age","education","work_group","light_background","dark_background","line","column","bar","labels","markers","subdued_colors","intense_colors","cold_colors","warm_colors"
5,"Kobieta","od 36 do 45 lat","Wy¿sze II stopnia (magisterium)","Pracownik umys³owy","Tak","Tak",5,4,5,"Tak","Tak","Nie","Tak","Tak","Nie"
6,"Mê¿czyzna","od 56 do 64 lat","Wy¿sze II stopnia (magisterium)","Pracownik umys³owy","Tak","Nie",4,3,5,"Tak","Nie","Tak","Nie","Nie","Tak"
7,"Kobieta","Do 25 lat","Œrednie","Pracownik umys³owy","Tak","Tak",4,3,3,"Tak","Tak","Tak","Tak","Nie","Nie"
8,"Mê¿czyzna","od 26 do 35 lat","Wy¿sze II stopnia (magisterium)","Kadra zarz¹dzaj¹ca","Tak","Nie",4,5,2,"Tak","Tak","Tak","Nie","Tak","Tak"
9,"Kobieta","Do 25 lat","Wy¿sze II stopnia (magisterium)","Pracownik umys³owy","Tak","Tak",4,2,3,"Tak","Tak","Tak","Tak","Tak","Tak"
10,"Kobieta","Do 25 lat","Wy¿sze II stopnia (magisterium)","Pracownik umys³owy","Tak","Tak",3,3,5,"Tak","Tak","Tak","Tak","Nie","Tak"
11,"Kobieta","Do 25 lat","Œrednie","Pracownik umys³owy","Tak","Tak",4,5,5,"Tak","Tak","Tak","Tak","Nie","Tak"
12,"Kobieta","od 26 do 35 lat","Wy¿sze II stopnia (magisterium)","Pracownik umys³owy","Tak","Tak",2,5,5,"Tak","Tak","Nie","Tak","Nie","Tak"
13,"Kobieta","Do 25 lat","Œrednie","Pracownik fizyczny","Tak","Tak",4,3,2,"Tak","Tak","Tak","Tak","Nie","Tak"
14,"Kobieta","Do 25 lat","Œrednie","Pracownik umys³owy","Tak","Nie",3,4,3,"Tak","Tak","Tak","Nie","Tak","Nie"
15,"Kobieta","Do 25 lat","Wy¿sze II stopnia (magisterium)","Pracownik umys³owy","Tak","Nie",3,5,2,"Tak","Tak","Tak","Tak","Nie","Tak"
16,"Mê¿czyzna","Do 25 lat","Wy¿sze I stopnia (licencjat, in¿ynier)","Pracownik fizyczny","Nie","Tak",5,5,3,"Tak","Tak","Tak","Tak","Nie","Tak"
17,"Kobieta","Do 25 lat","Œrednie","Pracownik umys³owy","Nie","Nie",4,5,1,"Tak","Tak","Nie","Nie","Tak","Tak"
18,"Kobieta","Do 25 lat","Wy¿sze II stopnia (magisterium)","Pracownik umys³owy","Tak","Nie",5,5,3,"Tak","Tak","Tak","Tak","Tak","Tak"
19,"Mê¿czyzna","od 26 do 35 lat","Œrednie","Pracownik fizyczny","Tak","Tak",4,2,2,"Tak","Tak","Tak","Tak","Nie","Tak"
20,"Kobieta","Do 25 lat","Wy¿sze II stopnia (magisterium)","Pracownik umys³owy","Nie","Tak",2,4,3,"Tak","Tak","Tak","Tak","Nie","Tak"
21,"Kobieta","Do 25 lat","Wy¿sze I stopnia (licencjat, in¿ynier)","Pracownik umys³owy","Tak","Nie",4,5,2,"Tak","Tak","Tak","Tak","Tak","Nie"
22,"Mê¿czyzna","Do 25 lat","Œrednie","Pracownik fizyczny","Tak","Nie",4,2,2,"Tak","Tak","Tak","Tak","Tak","Tak"
23,"Kobieta","Do 25 lat","Œrednie","Pracownik umys³owy","Tak","Tak",4,4,4,"Tak","Tak","Tak","Tak","Tak","Tak"
24,"Kobieta","Do 25 lat","Wy¿sze I stopnia (licencjat, in¿ynier)","Pracownik umys³owy","Tak","Tak",5,3,5,"Tak","Tak","Tak","Tak","Tak","Tak"
25,"Kobieta","Do 25 lat","Wy¿sze II stopnia (magisterium)","Pracownik umys³owy","Nie","Nie",3,4,1,"Tak","Tak","Tak","Tak","Nie","Tak"
26,"Kobieta","Do 25 lat","Wy¿sze II stopnia (magisterium)","Pracownik umys³owy","Tak","Nie",1,2,5,"Tak","Tak","Tak","Nie","Nie","Tak"
27,"Kobieta","Do 25 lat","Œrednie","Pracownik fizyczny","Tak","Tak",1,2,4,"Tak","Tak","Tak","Tak","Tak","Tak"
28,"Mê¿czyzna","Do 25 lat","Wy¿sze II stopnia (magisterium)","Pracownik umys³owy","Tak","Tak",4,4,2,"Tak","Tak","Tak","Tak","Tak","Nie"
29,"Mê¿czyzna","od 36 do 45 lat","Œrednie","Kadra zarz¹dzaj¹ca","Nie","Nie",4,4,1,"Nie","Tak","Nie","Tak","Nie","Tak"
30,"Kobieta","Do 25 lat","Wy¿sze I stopnia (licencjat, in¿ynier)","Pracownik umys³owy","Tak","Tak",3,4,4,"Tak","Tak","Tak","Tak","Tak","Tak"
31,"Kobieta","Do 25 lat","Wy¿sze I stopnia (licencjat, in¿ynier)","Pracownik umys³owy","Tak","Tak",4,4,4,"Tak","Tak","Tak","Tak","Tak","Tak"
32,"Kobieta","Do 25 lat","Œrednie","Pracownik umys³owy","Tak","Tak",4,4,5,"Tak","Tak","Tak","Tak","Nie","Tak"
33,"Kobieta","Do 25 lat","Wy¿sze II stopnia (magisterium)","Pracownik umys³owy","Tak","Tak",5,4,3,"Tak","Tak","Tak","Tak","Nie","Tak"
34,"Mê¿czyzna","Do 25 lat","Œrednie","Pracownik fizyczny","Tak","Tak",4,4,3,"Tak","Tak","Tak","Tak","Tak","Tak"
35,"Kobieta","Do 25 lat","Wy¿sze II stopnia (magisterium)","Pracownik umys³owy","Tak","Tak",2,4,3,"Tak","Tak","Tak","Tak","Tak","Tak"
36,"Mê¿czyzna","Do 25 lat","Wy¿sze II stopnia (magisterium)","Pracownik fizyczny","Nie","Nie",4,5,2,"Tak","Tak","Tak","Tak","Nie","Tak"
37,"Kobieta","Do 25 lat","Wy¿sze II stopnia (magisterium)","Pracownik umys³owy","Tak","Tak",3,5,4,"Tak","Tak","Tak","Tak","Tak","Nie"
38,"Kobieta","Do 25 lat","Wy¿sze II stopnia (magisterium)","Pracownik umys³owy","Tak","Tak",4,4,4,"Tak","Tak","Tak","Tak","Tak","Tak"
39,"Kobieta","Do 25 lat","Œrednie","Pracownik umys³owy","Tak","Nie",4,4,4,"Tak","Tak","Tak","Tak","Tak","Tak"
40,"Kobieta","Do 25 lat","Wy¿sze II stopnia (magisterium)","Pracownik umys³owy","Tak","Tak",5,4,3,"Tak","Tak","Tak","Tak","Nie","Tak"
41,"Kobieta","Do 25 lat","Wy¿sze II stopnia (magisterium)","Pracownik umys³owy","Tak","Tak",4,5,2,"Tak","Tak","Tak","Tak","Tak","Tak"
42,"Kobieta","Do 25 lat","Œrednie","Pracownik fizyczny","Tak","Tak",1,4,4,"Tak","Tak","Nie","Tak","Tak","Tak"
43,"Kobieta","Do 25 lat","Œrednie","Pracownik umys³owy","Tak","Nie",3,4,4,"Tak","Tak","Tak","Nie","Tak","Tak"
44,"Kobieta","od 36 do 45 lat","Wy¿sze I stopnia (licencjat, in¿ynier)","Kadra zarz¹dzaj¹ca","Nie","Tak",3,5,1,"Tak","Tak","Nie","Tak","Nie","Tak"
45,"Kobieta","Do 25 lat","Œrednie","Pracownik umys³owy","Tak","Tak",4,5,4,"Tak","Tak","Tak","Tak","Tak","Tak"
46,"Kobieta","Do 25 lat","Wy¿sze II stopnia (magisterium)","Pracownik umys³owy","Nie","Tak",3,1,2,"Nie","Tak","Tak","Nie","Tak","Tak"
47,"Mê¿czyzna","Do 25 lat","Wy¿sze II stopnia (magisterium)","Pracownik umys³owy","Tak","Tak",5,3,5,"Tak","Nie","Tak","Tak","Tak","Tak"
48,"Mê¿czyzna","Do 25 lat","Wy¿sze II stopnia (magisterium)","Pracownik fizyczny","Tak","Tak",1,1,3,"Tak","Tak","Tak","Tak","Nie","Tak"
49,"Kobieta","od 36 do 45 lat","Œrednie","Pracownik umys³owy","Nie","Nie",5,5,3,"Tak","Tak","Tak","Tak","Tak","Tak"
50,"Mê¿czyzna","od 26 do 35 lat","Wy¿sze II stopnia (magisterium)","Pracownik umys³owy","Tak","Tak",4,3,5,"Tak","Tak","Tak","Nie","Tak","Tak"
51,"Mê¿czyzna","Do 25 lat","Wy¿sze II stopnia (magisterium)","Pracownik fizyczny","Tak","Nie",5,5,3,"Tak","Tak","Tak","Tak","Tak","Tak"
52,"Kobieta","Do 25 lat","Œrednie","Pracownik umys³owy","Tak","Nie",3,4,2,"Tak","Nie","Tak","Nie","Tak","Tak"
53,"Kobieta","Do 25 lat","Œrednie","Pracownik umys³owy","Tak","Nie",3,4,3,"Tak","Tak","Nie","Nie","Nie","Tak"
54,"Kobieta","Do 25 lat","Œrednie","Pracownik umys³owy","Nie","Tak",4,4,3,"Tak","Tak","Tak","Tak","Tak","Nie"
55,"Kobieta","Do 25 lat","Wy¿sze II stopnia (magisterium)","Pracownik umys³owy","Tak","Tak",5,4,3,"Tak","Tak","Tak","Nie","Tak","Tak"
56,"Kobieta","Do 25 lat","Wy¿sze II stopnia (magisterium)","Pracownik umys³owy","Tak","Tak",5,4,3,"Tak","Tak","Tak","Tak","Tak","Tak"
57,"Kobieta","Do 25 lat","Œrednie","Pracownik fizyczny","Nie","Tak",2,3,4,"Tak","Tak","Tak","Tak","Tak","Tak"
58,"Kobieta","Do 25 lat","Wy¿sze II stopnia (magisterium)","Pracownik fizyczny","Tak","Tak",3,4,4,"Tak","Tak","Tak","Tak","Tak","Tak"
59,"Kobieta","od 36 do 45 lat","Œrednie","Pracownik umys³owy","Tak","Nie",3,4,3,"Tak","Tak","Tak","Tak","Tak","Tak"
60,"Kobieta","Do 25 lat","Wy¿sze II stopnia (magisterium)","Pracownik fizyczny","Tak","Nie",4,2,2,"Nie","Tak","Nie","Tak","Tak","Nie"
61,"Mê¿czyzna","Do 25 lat","Wy¿sze II stopnia (magisterium)","Pracownik fizyczny","Tak","Nie",4,3,2,"Tak","Nie","Tak","Tak","Nie","Tak"
62,"Kobieta","Do 25 lat","Wy¿sze II stopnia (magisterium)","Pracownik umys³owy","Tak","Tak",4,4,4,"Tak","Nie","Tak","Tak","Nie","Tak"
63,"Kobieta","Do 25 lat","Wy¿sze II stopnia (magisterium)","Pracownik fizyczny","Tak","Nie",5,2,2,"Nie","Tak","Nie","Tak","Nie","Tak"
64,"Kobieta","Do 25 lat","Wy¿sze II stopnia (magisterium)","Kadra kierownicza","Tak","Tak",4,4,5,"Tak","Tak","Tak","Tak","Nie","Tak"
65,"Kobieta","Do 25 lat","Wy¿sze I stopnia (licencjat, in¿ynier)","Pracownik fizyczny","Nie","Nie",1,3,2,"Tak","Tak","Tak","Nie","Tak","Tak"
66,"Kobieta","Do 25 lat","Œrednie","Pracownik fizyczny","Tak","Tak",3,4,4,"Tak","Tak","Tak","Tak","Tak","Tak"
67,"Kobieta","Do 25 lat","Wy¿sze II stopnia (magisterium)","Pracownik umys³owy","Tak","Tak",4,3,5,"Tak","Tak","Tak","Tak","Nie","Tak"
68,"Mê¿czyzna","Do 25 lat","Œrednie","Pracownik fizyczny","Nie","Tak",1,2,2,"Tak","Tak","Tak","Nie","Tak","Nie"
69,"Kobieta","od 26 do 35 lat","Wy¿sze II stopnia (magisterium)","Pracownik umys³owy","Tak","Nie",3,3,5,"Nie","Tak","Nie","Tak","Tak","Nie"
70,"Mê¿czyzna","Do 25 lat","Œrednie","Pracownik umys³owy","Nie","Tak",4,5,2,"Tak","Tak","Tak","Tak","Tak","Tak"
71,"Kobieta","Do 25 lat","Œrednie","Pracownik umys³owy","Tak","Nie",2,4,3,"Tak","Tak","Tak","Tak","Tak","Tak"
72,"Kobieta","Do 25 lat","Œrednie","Pracownik umys³owy","Nie","Nie",3,5,1,"Tak","Tak","Nie","Nie","Tak","Tak"
73,"Mê¿czyzna","Do 25 lat","Wy¿sze II stopnia (magisterium)","Pracownik umys³owy","Tak","Tak",4,4,3,"Tak","Tak","Tak","Tak","Tak","Tak"
74,"Kobieta","Do 25 lat","Wy¿sze I stopnia (licencjat, in¿ynier)","Pracownik umys³owy","Tak","Nie",3,5,1,"Tak","Tak","Tak","Tak","Nie","Tak"
75,"Kobieta","Do 25 lat","Œrednie","Pracownik umys³owy","Tak","Nie",4,5,4,"Tak","Tak","Tak","Tak","Nie","Tak"
76,"Kobieta","od 26 do 35 lat","Wy¿sze II stopnia (magisterium)","Pracownik umys³owy","Tak","Tak",4,4,4,"Tak","Tak","Tak","Tak","Tak","Tak"
77,"Kobieta","Do 25 lat","Œrednie","Pracownik umys³owy","Tak","Nie",3,4,4,"Tak","Tak","Tak","Tak","Tak","Tak"
78,"Kobieta","od 36 do 45 lat","Œrednie","Pracownik umys³owy","Tak","Tak",4,5,5,"Tak","Tak","Tak","Tak","Nie","Tak"
79,"Kobieta","od 26 do 35 lat","Wy¿sze I stopnia (licencjat, in¿ynier)","Pracownik umys³owy","Tak","Tak",4,5,3,"Tak","Tak","Tak","Tak","Tak","Tak"
80,"Kobieta","od 36 do 45 lat","Œrednie","Pracownik umys³owy","Tak","Nie",5,5,5,"Tak","Tak","Tak","Nie","Tak","Tak"
81,"Mê¿czyzna","od 26 do 35 lat","Wy¿sze I stopnia (licencjat, in¿ynier)","Pracownik umys³owy","Tak","Tak",4,4,5,"Tak","Tak","Tak","Tak","Tak","Nie"
82,"Mê¿czyzna","Do 25 lat","Wy¿sze I stopnia (licencjat, in¿ynier)","Pracownik umys³owy","Tak","Tak",5,5,3,"Tak","Tak","Tak","Tak","Tak","Tak"
83,"Kobieta","Do 25 lat","Wy¿sze I stopnia (licencjat, in¿ynier)","Pracownik umys³owy","Tak","Tak",4,3,4,"Tak","Tak","Tak","Tak","Tak","Nie"
84,"Kobieta","Do 25 lat","Wy¿sze I stopnia (licencjat, in¿ynier)","Pracownik umys³owy","Nie","Nie",4,4,2,"Tak","Tak","Tak","Tak","Nie","Tak"
85,"Kobieta","Do 25 lat","Wy¿sze I stopnia (licencjat, in¿ynier)","Pracownik umys³owy","Tak","Nie",4,4,4,"Tak","Tak","Tak","Tak","Nie","Tak"
86,"Kobieta","Do 25 lat","Wy¿sze I stopnia (licencjat, in¿ynier)","Pracownik umys³owy","Tak","Tak",3,4,4,"Tak","Tak","Tak","Tak","Nie","Tak"
87,"Mê¿czyzna","Do 25 lat","Wy¿sze I stopnia (licencjat, in¿ynier)","Pracownik umys³owy","Tak","Tak",3,3,5,"Tak","Tak","Tak","Tak","Nie","Tak"
88,"Kobieta","Do 25 lat","Wy¿sze I stopnia (licencjat, in¿ynier)","Pracownik umys³owy","Nie","Nie",4,4,3,"Tak","Tak","Tak","Nie","Tak","Tak"
89,"Kobieta","od 26 do 35 lat","Wy¿sze I stopnia (licencjat, in¿ynier)","Pracownik umys³owy","Tak","Nie",4,4,5,"Tak","Tak","Tak","Tak","Tak","Tak"
90,"Kobieta","Do 25 lat","Wy¿sze I stopnia (licencjat, in¿ynier)","Pracownik fizyczny","Tak","Nie",3,4,3,"Tak","Tak","Tak","Nie","Tak","Tak"
91,"Mê¿czyzna","od 26 do 35 lat","Wy¿sze I stopnia (licencjat, in¿ynier)","Pracownik umys³owy","Tak","Tak",5,5,4,"Tak","Tak","Tak","Tak","Tak","Tak"
92,"Mê¿czyzna","Do 25 lat","Wy¿sze I stopnia (licencjat, in¿ynier)","Pracownik fizyczny","Tak","Tak",2,3,4,"Tak","Tak","Tak","Nie","Nie","Tak"
93,"Kobieta","od 26 do 35 lat","Wy¿sze I stopnia (licencjat, in¿ynier)","Kadra kierownicza","Tak","Nie",5,5,4,"Tak","Tak","Nie","Nie","Tak","Tak"
94,"Mê¿czyzna","Do 25 lat","Œrednie","Pracownik umys³owy","Nie","Nie",3,4,3,"Tak","Tak","Tak","Tak","Nie","Tak"
95,"Kobieta","Do 25 lat","Wy¿sze I stopnia (licencjat, in¿ynier)","Pracownik umys³owy","Nie","Tak",4,4,2,"Tak","Nie","Nie","Tak","Tak","Tak"
96,"Mê¿czyzna","Do 25 lat","Wy¿sze I stopnia (licencjat, in¿ynier)","Pracownik umys³owy","Tak","Tak",5,4,3,"Tak","Tak","Tak","Tak","Tak","Tak"
97,"Kobieta","Do 25 lat","Wy¿sze I stopnia (licencjat, in¿ynier)","Pracownik umys³owy","Tak","Tak",5,4,3,"Tak","Tak","Tak","Tak","Tak","Tak"
98,"Kobieta","od 36 do 45 lat","Wy¿sze I stopnia (licencjat, in¿ynier)","Kadra kierownicza","Nie","Nie",5,3,1,"Nie","Tak","Nie","Nie","Nie","Nie"
99,"Kobieta","od 26 do 35 lat","Wy¿sze I stopnia (licencjat, in¿ynier)","Kadra kierownicza","Tak","Tak",2,5,3,"Tak","Tak","Tak","Tak","Tak","Tak"
100,"Kobieta","Do 25 lat","Wy¿sze I stopnia (licencjat, in¿ynier)","Kadra kierownicza","Tak","Nie",4,3,1,"Tak","Tak","Nie","Tak","Nie","Tak"
101,"Kobieta","Do 25 lat","Œrednie","Pracownik umys³owy","Tak","Tak",4,5,4,"Tak","Tak","Tak","Tak","Tak","Tak"
102,"Mê¿czyzna","Do 25 lat","Wy¿sze I stopnia (licencjat, in¿ynier)","Pracownik umys³owy","Tak","Nie",4,3,2,"Tak","Tak","Nie","Tak","Nie","Nie"
103,"Kobieta","Do 25 lat","Wy¿sze I stopnia (licencjat, in¿ynier)","Pracownik fizyczny","Tak","Nie",4,5,2,"Tak","Tak","Tak","Tak","Nie","Tak"
104,"Mê¿czyzna","Do 25 lat","Œrednie","Pracownik fizyczny","Tak","Nie",2,1,4,"Nie","Tak","Nie","Tak","Nie","Tak"
105,"Kobieta","Do 25 lat","Œrednie","Pracownik umys³owy","Tak","Tak",3,3,3,"Tak","Tak","Tak","Tak","Tak","Tak"
106,"Mê¿czyzna","od 36 do 45 lat","Wy¿sze I stopnia (licencjat, in¿ynier)","Kadra kierownicza","Nie","Nie",4,5,2,"Tak","Tak","Tak","Tak","Nie","Tak"
107,"Kobieta","Do 25 lat","Wy¿sze I stopnia (licencjat, in¿ynier)","Pracownik fizyczny","Tak","Nie",4,4,4,"Tak","Tak","Tak","Nie","Tak","Tak"
108,"Kobieta","od 46 do 55 lat","Wy¿sze I stopnia (licencjat, in¿ynier)","Pracownik umys³owy","Nie","Tak",4,3,3,"Tak","Tak","Tak","Tak","Tak","Tak"
109,"Mê¿czyzna","od 26 do 35 lat","Œrednie","Pracownik fizyczny","Tak","Tak",3,4,2,"Tak","Tak","Tak","Nie","Nie","Tak"
110,"Mê¿czyzna","od 26 do 35 lat","Wy¿sze I stopnia (licencjat, in¿ynier)","Pracownik umys³owy","Tak","Tak",4,4,2,"Tak","Tak","Tak","Nie","Tak","Tak"
111,"Kobieta","od 36 do 45 lat","Œrednie","Pracownik umys³owy","Tak","Nie",3,4,4,"Tak","Tak","Tak","Nie","Tak","Tak"
112,"Kobieta","od 46 do 55 lat","Wy¿sze I stopnia (licencjat, in¿ynier)","Kadra kierownicza","Tak","Tak",3,3,3,"Tak","Tak","Tak","Tak","Tak","Tak"
113,"Mê¿czyzna","od 46 do 55 lat","Wy¿sze I stopnia (licencjat, in¿ynier)","Pracownik umys³owy","Tak","Tak",4,5,4,"Tak","Tak","Tak","Tak","Nie","Tak"
114,"Kobieta","od 36 do 45 lat","Wy¿sze I stopnia (licencjat, in¿ynier)","Kadra kierownicza","Nie","Tak",4,2,4,"Tak","Tak","Tak","Tak","Tak","Nie"
115,"Kobieta","od 26 do 35 lat","Wy¿sze I stopnia (licencjat, in¿ynier)","Pracownik umys³owy","Tak","Tak",3,4,5,"Tak","Tak","Tak","Tak","Tak","Tak"
116,"Kobieta","Do 25 lat","Wy¿sze I stopnia (licencjat, in¿ynier)","Pracownik umys³owy","Tak","Tak",2,4,5,"Tak","Tak","Nie","Nie","Tak","Tak"
117,"Kobieta","Do 25 lat","Wy¿sze I stopnia (licencjat, in¿ynier)","Pracownik umys³owy","Tak","Tak",4,4,5,"Tak","Tak","Tak","Tak","Tak","Tak"
118,"Kobieta","Do 25 lat","Œrednie","Pracownik fizyczny","Tak","Nie",4,3,3,"Tak","Tak","Tak","Tak","Tak","Nie"
119,"Kobieta","Do 25 lat","Wy¿sze I stopnia (licencjat, in¿ynier)","Pracownik umys³owy","Nie","Nie",1,3,4,"Tak","Tak","Tak","Tak","Nie","Tak"
120,"Kobieta","od 26 do 35 lat","Wy¿sze I stopnia (licencjat, in¿ynier)","Kadra kierownicza","Nie","Nie",4,4,2,"Tak","Tak","Tak","Nie","Tak","Tak"
121,"Kobieta","od 26 do 35 lat","Wy¿sze I stopnia (licencjat, in¿ynier)","Pracownik umys³owy","Tak","Nie",2,3,4,"Tak","Tak","Tak","Tak","Nie","Tak"
122,"Kobieta","od 36 do 45 lat","Wy¿sze I stopnia (licencjat, in¿ynier)","Kadra kierownicza","Nie","Tak",2,3,3,"Tak","Tak","Nie","Tak","Tak","Tak"
123,"Kobieta","od 46 do 55 lat","Œrednie","Kadra kierownicza","Nie","Tak",5,4,1,"Tak","Tak","Nie","Tak","Tak","Nie"
124,"Kobieta","Do 25 lat","Wy¿sze I stopnia (licencjat, in¿ynier)","Pracownik umys³owy","Nie","Nie",3,5,4,"Tak","Tak","Tak","Tak","Tak","Tak"
125,"Kobieta","Do 25 lat","Œrednie","Pracownik umys³owy","Tak","Nie",5,5,3,"Tak","Tak","Tak","Nie","Tak","Tak"
126,"Kobieta","od 26 do 35 lat","Œrednie","Kadra kierownicza","Nie","Nie",4,4,3,"Tak","Tak","Tak","Nie","Tak","Nie"
127,"Kobieta","Do 25 lat","Œrednie","Pracownik umys³owy","Tak","Nie",3,4,3,"Tak","Tak","Tak","Tak","Nie","Tak"
128,"Mê¿czyzna","Do 25 lat","Œrednie","Pracownik umys³owy","Tak","Tak",1,4,4,"Tak","Tak","Tak","Tak","Tak","Tak"
129,"Kobieta","Do 25 lat","Wy¿sze I stopnia (licencjat, in¿ynier)","Pracownik umys³owy","Nie","Tak",1,4,3,"Tak","Tak","Tak","Nie","Nie","Tak"
130,"Mê¿czyzna","Do 25 lat","Wy¿sze I stopnia (licencjat, in¿ynier)","Kadra kierownicza","Nie","Nie",3,5,1,"Tak","Tak","Nie","Nie","Tak","Tak"
131,"Mê¿czyzna","Do 25 lat","Wy¿sze I stopnia (licencjat, in¿ynier)","Pracownik umys³owy","Nie","Nie",4,3,1,"Tak","Tak","Nie","Nie","Tak","Tak"
132,"Mê¿czyzna","Do 25 lat","Wy¿sze I stopnia (licencjat, in¿ynier)","Pracownik umys³owy","Tak","Tak",3,5,5,"Tak","Tak","Tak","Tak","Tak","Tak"
133,"Mê¿czyzna","od 26 do 35 lat","Wy¿sze I stopnia (licencjat, in¿ynier)","Pracownik fizyczny","Tak","Tak",3,3,5,"Tak","Tak","Tak","Nie","Tak","Tak"
134,"Kobieta","Do 25 lat","Wy¿sze I stopnia (licencjat, in¿ynier)","Pracownik umys³owy","Tak","Tak",4,4,2,"Tak","Tak","Tak","Tak","Nie","Tak"
135,"Mê¿czyzna","od 26 do 35 lat","Wy¿sze I stopnia (licencjat, in¿ynier)","Kadra kierownicza","Tak","Tak",5,5,3,"Tak","Tak","Tak","Nie","Tak","Tak"
136,"Kobieta","Do 25 lat","Wy¿sze I stopnia (licencjat, in¿ynier)","Kadra kierownicza","Tak","Tak",5,2,4,"Tak","Tak","Tak","Nie","Tak","Tak"
137,"Kobieta","Do 25 lat","Wy¿sze I stopnia (licencjat, in¿ynier)","Pracownik umys³owy","Tak","Nie",3,2,4,"Tak","Tak","Tak","Tak","Nie","Tak"
138,"Mê¿czyzna","Powy¿ej 65 lat","Wy¿sze II stopnia (magisterium)","Kadra zarz¹dzaj¹ca","Tak","Tak",4,4,5,"Tak","Tak","Tak","Tak","Tak","Tak"
139,"Mê¿czyzna","od 26 do 35 lat","Wy¿sze I stopnia (licencjat, in¿ynier)","Kadra kierownicza","Tak","Tak",3,3,3,"Tak","Tak","Tak","Tak","Tak","Nie"
140,"Kobieta","od 36 do 45 lat","Wy¿sze I stopnia (licencjat, in¿ynier)","Kadra zarz¹dzaj¹ca","Tak","Tak",3,4,5,"Tak","Tak","Tak","Tak","Nie","Tak"
141,"Kobieta","Do 25 lat","Wy¿sze I stopnia (licencjat, in¿ynier)","Pracownik fizyczny","Nie","Nie",5,5,1,"Tak","Tak","Nie","Nie","Tak","Tak"
142,"Kobieta","od 26 do 35 lat","Wy¿sze I stopnia (licencjat, in¿ynier)","Pracownik umys³owy","Tak","Nie",3,4,3,"Tak","Tak","Tak","Tak","Tak","Tak"
143,"Mê¿czyzna","od 26 do 35 lat","Wy¿sze I stopnia (licencjat, in¿ynier)","Pracownik fizyczny","Tak","Nie",4,4,3,"Tak","Tak","Nie","Tak","Tak","Tak"
144,"Mê¿czyzna","od 36 do 45 lat","Wy¿sze I stopnia (licencjat, in¿ynier)","Kadra kierownicza","Nie","Nie",5,4,4,"Tak","Tak","Nie","Nie","Tak","Tak"
145,"Kobieta","Do 25 lat","Wy¿sze I stopnia (licencjat, in¿ynier)","Pracownik umys³owy","Tak","Tak",5,3,5,"Tak","Tak","Tak","Tak","Tak","Tak"
146,"Mê¿czyzna","od 26 do 35 lat","Œrednie","Pracownik umys³owy","Tak","Tak",5,5,5,"Tak","Tak","Tak","Tak","Tak","Tak"
147,"Kobieta","Do 25 lat","Wy¿sze I stopnia (licencjat, in¿ynier)","Pracownik umys³owy","Nie","Nie",4,4,3,"Tak","Tak","Tak","Tak","Nie","Tak"
148,"Mê¿czyzna","Do 25 lat","Œrednie","Pracownik umys³owy","Tak","Tak",4,3,5,"Nie","Tak","Tak","Tak","Tak","Tak"
149,"Mê¿czyzna","Do 25 lat","Wy¿sze I stopnia (licencjat, in¿ynier)","Kadra kierownicza","Nie","Tak",3,4,3,"Tak","Tak","Tak","Tak","Tak","Tak"
150,"Kobieta","Do 25 lat","Wy¿sze I stopnia (licencjat, in¿ynier)","Pracownik fizyczny","Tak","Tak",4,4,4,"Tak","Tak","Tak","Tak","Tak","Tak"
151,"Mê¿czyzna","Do 25 lat","Œrednie","Pracownik umys³owy","Tak","Nie",4,4,3,"Tak","Nie","Tak","Tak","Nie","Tak"
152,"Kobieta","Do 25 lat","Wy¿sze I stopnia (licencjat, in¿ynier)","Pracownik umys³owy","Tak","Tak",3,4,5,"Tak","Tak","Tak","Tak","Tak","Tak"
153,"Kobieta","Do 25 lat","Wy¿sze I stopnia (licencjat, in¿ynier)","Pracownik umys³owy","Tak","Tak",4,5,4,"Tak","Tak","Tak","Tak","Tak","Tak"
154,"Kobieta","Do 25 lat","Wy¿sze I stopnia (licencjat, in¿ynier)","Pracownik umys³owy","Tak","Tak",4,4,4,"Tak","Tak","Tak","Tak","Tak","Tak"
155,"Mê¿czyzna","Do 25 lat","Œrednie","Pracownik fizyczny","Tak","Tak",5,3,5,"Tak","Tak","Tak","Nie","Nie","Tak"
156,"Kobieta","Do 25 lat","Wy¿sze I stopnia (licencjat, in¿ynier)","Pracownik fizyczny","Tak","Tak",4,4,3,"Tak","Tak","Tak","Nie","Tak","Tak"
157,"Kobieta","Do 25 lat","Œrednie","Pracownik umys³owy","Tak","Tak",3,3,4,"Tak","Tak","Tak","Tak","Tak","Tak"
158,"Mê¿czyzna","Do 25 lat","Wy¿sze I stopnia (licencjat, in¿ynier)","Pracownik umys³owy","Tak","Tak",4,4,2,"Tak","Tak","Tak","Tak","Tak","Tak"
159,"Mê¿czyzna","Do 25 lat","Œrednie","Pracownik umys³owy","Tak","Tak",4,4,2,"Tak","Tak","Tak","Tak","Tak","Tak"
160,"Mê¿czyzna","od 26 do 35 lat","Œrednie","Kadra kierownicza","Tak","Nie",5,4,4,"Tak","Tak","Tak","Tak","Tak","Tak"
161,"Mê¿czyzna","Do 25 lat","Œrednie","Pracownik fizyczny","Tak","Nie",5,5,3,"Tak","Tak","Tak","Nie","Tak","Tak"
162,"Kobieta","od 26 do 35 lat","Wy¿sze I stopnia (licencjat, in¿ynier)","Pracownik umys³owy","Nie","Tak",3,3,2,"Tak","Tak","Tak","Tak","Tak","Tak"
163,"Mê¿czyzna","Do 25 lat","Wy¿sze I stopnia (licencjat, in¿ynier)","Kadra zarz¹dzaj¹ca","Tak","Nie",3,3,3,"Tak","Tak","Tak","Tak","Tak","Tak"
164,"Mê¿czyzna","od 36 do 45 lat","Wy¿sze I stopnia (licencjat, in¿ynier)","Pracownik umys³owy","Tak","Tak",5,3,4,"Tak","Tak","Tak","Nie","Tak","Tak"
165,"Kobieta","Do 25 lat","Wy¿sze I stopnia (licencjat, in¿ynier)","Pracownik fizyczny","Tak","Nie",3,4,3,"Tak","Tak","Tak","Tak","Nie","Tak"
166,"Mê¿czyzna","Do 25 lat","Wy¿sze I stopnia (licencjat, in¿ynier)","Pracownik fizyczny","Tak","Tak",3,3,4,"Tak","Tak","Tak","Tak","Nie","Tak"
167,"Kobieta","Do 25 lat","Œrednie","Pracownik umys³owy","Tak","Tak",5,5,5,"Tak","Tak","Tak","Tak","Nie","Tak"
168,"Kobieta","Do 25 lat","Œrednie","Pracownik umys³owy","Tak","Tak",5,4,4,"Tak","Tak","Tak","Tak","Nie","Tak"
169,"Mê¿czyzna","Do 25 lat","Œrednie","Pracownik fizyczny","Tak","Nie",3,3,4,"Tak","Tak","Tak","Tak","Nie","Tak"
170,"Kobieta","Do 25 lat","Œrednie","Pracownik umys³owy","Tak","Nie",3,4,4,"Tak","Tak","Tak","Tak","Tak","Tak"
171,"Kobieta","Do 25 lat","Wy¿sze I stopnia (licencjat, in¿ynier)","Pracownik fizyczny","Tak","Tak",3,3,4,"Tak","Tak","Tak","Tak","Tak","Tak"
172,"Kobieta","Do 25 lat","Wy¿sze I stopnia (licencjat, in¿ynier)","Pracownik umys³owy","Tak","Tak",4,5,4,"Tak","Tak","Nie","Tak","Tak","Tak"
173,"Kobieta","od 36 do 45 lat","Wy¿sze I stopnia (licencjat, in¿ynier)","Pracownik umys³owy","Tak","Tak",3,4,5,"Tak","Tak","Tak","Tak","Tak","Tak"
174,"Kobieta","od 36 do 45 lat","Œrednie","Pracownik fizyczny","Tak","Tak",5,4,2,"Tak","Tak","Tak","Tak","Tak","Tak"
175,"Kobieta","od 26 do 35 lat","Œrednie","Pracownik fizyczny","Tak","Tak",3,4,5,"Tak","Tak","Tak","Nie","Tak","Tak"
176,"Kobieta","od 26 do 35 lat","Wy¿sze I stopnia (licencjat, in¿ynier)","Pracownik umys³owy","Tak","Nie",3,3,2,"Tak","Tak","Nie","Tak","Tak","Tak"
177,"Kobieta","od 26 do 35 lat","Wy¿sze I stopnia (licencjat, in¿ynier)","Pracownik umys³owy","Nie","Tak",5,5,2,"Tak","Tak","Tak","Tak","Tak","Tak"
178,"Kobieta","Do 25 lat","Œrednie","Pracownik umys³owy","Tak","Tak",1,4,4,"Tak","Tak","Tak","Tak","Nie","Tak"
179,"Mê¿czyzna","od 46 do 55 lat","Wy¿sze I stopnia (licencjat, in¿ynier)","Pracownik umys³owy","Tak","Nie",4,5,2,"Tak","Tak","Nie","Tak","Tak","Tak"
180,"Kobieta","od 36 do 45 lat","Wy¿sze I stopnia (licencjat, in¿ynier)","Pracownik umys³owy","Nie","Tak",3,5,2,"Tak","Tak","Nie","Tak","Nie","Tak"
181,"Kobieta","Do 25 lat","Wy¿sze I stopnia (licencjat, in¿ynier)","Kadra zarz¹dzaj¹ca","Tak","Tak",3,3,4,"Tak","Tak","Tak","Tak","Nie","Tak"
182,"Kobieta","Do 25 lat","Œrednie","Pracownik fizyczny","Tak","Tak",5,5,5,"Tak","Tak","Tak","Tak","Tak","Tak"
183,"Kobieta","Do 25 lat","Wy¿sze I stopnia (licencjat, in¿ynier)","Pracownik umys³owy","Tak","Tak",3,5,4,"Tak","Tak","Tak","Tak","Tak","Tak"
184,"Mê¿czyzna","Do 25 lat","Wy¿sze I stopnia (licencjat, in¿ynier)","Pracownik umys³owy","Tak","Nie",5,4,5,"Tak","Tak","Tak","Tak","Tak","Tak"
185,"Kobieta","Do 25 lat","Wy¿sze II stopnia (magisterium)","Pracownik umys³owy","Tak","Nie",5,4,1,"Nie","Tak","Nie","Nie","Nie","Nie"
186,"Kobieta","od 36 do 45 lat","Wy¿sze I stopnia (licencjat, in¿ynier)","Pracownik umys³owy","Tak","Tak",3,3,3,"Tak","Nie","Tak","Tak","Tak","Nie"
